batchId,size,position,uuid,url,generatedAt
planum-2026-05-02T14-45-22,25mm,1,dc731bc1-ff9e-46ed-b823-2b61fd5d89cf,https://app.planum.de/plant/dc731bc1-ff9e-46ed-b823-2b61fd5d89cf,2026-05-02T14:45:22.983Z
planum-2026-05-02T14-45-22,25mm,2,c15907f6-29c7-42e6-ad42-d1c29d00dd4a,https://app.planum.de/plant/c15907f6-29c7-42e6-ad42-d1c29d00dd4a,2026-05-02T14:45:22.983Z
planum-2026-05-02T14-45-22,25mm,3,bdfd18f4-a41e-49fc-8b3a-15bd7802e3be,https://app.planum.de/plant/bdfd18f4-a41e-49fc-8b3a-15bd7802e3be,2026-05-02T14:45:22.983Z
planum-2026-05-02T14-45-22,25mm,4,8c832130-1240-4767-ac09-b94e3d2da293,https://app.planum.de/plant/8c832130-1240-4767-ac09-b94e3d2da293,2026-05-02T14:45:22.983Z
planum-2026-05-02T14-45-22,25mm,5,2ead1053-25d8-415b-a8e3-d8184ede125f,https://app.planum.de/plant/2ead1053-25d8-415b-a8e3-d8184ede125f,2026-05-02T14:45:22.983Z
planum-2026-05-02T14-45-22,30mm,1,718e07c4-3878-4d14-b7fa-6ae10def2017,https://app.planum.de/plant/718e07c4-3878-4d14-b7fa-6ae10def2017,2026-05-02T14:45:22.983Z
planum-2026-05-02T14-45-22,30mm,2,ed78c4e4-11fc-478e-8090-950c121d32be,https://app.planum.de/plant/ed78c4e4-11fc-478e-8090-950c121d32be,2026-05-02T14:45:22.983Z
planum-2026-05-02T14-45-22,30mm,3,318576ca-955d-4af1-9d84-0619ef84abd8,https://app.planum.de/plant/318576ca-955d-4af1-9d84-0619ef84abd8,2026-05-02T14:45:22.983Z
planum-2026-05-02T14-45-22,30mm,4,5e6bf3f3-0666-4054-9e06-32afcc7a18a8,https://app.planum.de/plant/5e6bf3f3-0666-4054-9e06-32afcc7a18a8,2026-05-02T14:45:22.983Z
planum-2026-05-02T14-45-22,30mm,5,9e3c8178-135f-417c-8106-87f35226204c,https://app.planum.de/plant/9e3c8178-135f-417c-8106-87f35226204c,2026-05-02T14:45:22.983Z
planum-2026-05-02T14-45-22,40mm,1,ed3d1188-10b9-4cf0-939e-b27f0fb3d75a,https://app.planum.de/plant/ed3d1188-10b9-4cf0-939e-b27f0fb3d75a,2026-05-02T14:45:22.983Z
planum-2026-05-02T14-45-22,40mm,2,56ab587a-60c3-4d87-b2df-9ceeddd0138d,https://app.planum.de/plant/56ab587a-60c3-4d87-b2df-9ceeddd0138d,2026-05-02T14:45:22.983Z
planum-2026-05-02T14-45-22,40mm,3,b1d1a13f-e3ea-4bca-9fab-dac04c8cf73c,https://app.planum.de/plant/b1d1a13f-e3ea-4bca-9fab-dac04c8cf73c,2026-05-02T14:45:22.983Z
planum-2026-05-02T14-45-22,40mm,4,75c4ab7e-22e2-4836-9f9e-15947c0ca7dc,https://app.planum.de/plant/75c4ab7e-22e2-4836-9f9e-15947c0ca7dc,2026-05-02T14:45:22.983Z
planum-2026-05-02T14-45-22,40mm,5,2da43dbf-7b53-4d0e-a5f8-9a7128fa6366,https://app.planum.de/plant/2da43dbf-7b53-4d0e-a5f8-9a7128fa6366,2026-05-02T14:45:22.983Z
